"Year","Continent","Biofuel Power (TWh)","Coal Power (TWh)","Natural Gas Power (TWh)","Hydro Power (TWh)","Nuclear Power (TWh)","Oil Power (TWh)","Other Renewable Power (TWh)","Solar Power (TWh)","Wind Power (TWh)","Population","GDP ($)","Electricity Demand (TWh)","GHGs from Electricity Generation (MM tonnes of CO2e)"
"1965","Africa",,,,3.382,0,,,0,0,217004448,467523374071,,
"1966","Africa",,,,3.27,0,,,0,0,222484248,477387315747,,
"1967","Africa",,,,3.335,0,,,0,0,228103883,484779771596,,
"1968","Africa",,,,4.646,0,,,0,0,233886377,508462028666,,
"1969","Africa",,,,5.7410000000000005,0,,,0,0,239862748,553104580527,,
"1970","Africa",,,,6.640000000000001,0,,,0,0,246059347,605592988915,,
"1971","Africa",,,,7.009,0,,,0,0,252481894,635468846227,,
"1972","Africa",,,,8.087,0,,,0,0,259136376,663084129089,,
"1973","Africa",,,,8.081999999999999,0,,,0,0,266048464,692886288718,,
"1974","Africa",,,,9.081999999999999,0,,,0,0,273248245,733817607859,,
"1975","Africa",,,,9.257000000000001,0,,,0,0,280756273,737776107216,,
"1976","Africa",,,,11.266999999999998,0,,,0,0,288582678,787385528658,,
"1977","Africa",,,,12.616,0,,,0,0,296720835,818347893964,,
"1978","Africa",,,,13.503,0,,,0,0,305152356,840692243327,,
"1979","Africa",,,,12.625000000000002,0,,,0,0,313849142,885308962499,,
"1980","Africa",,,,12.565999999999999,0,,,0,0,469037344,1099419684734,,
"1981","Africa",,,,13.255999999999998,0,,,0,0,482434016,1110637842492,,
"1982","Africa",,,,12.559,0,,,0,0,496231767,1144238500207,,
"1983","Africa",,,,11.126,0,,,0,0,510439932,1152384926218,,
"1984","Africa",,,,11.008000000000001,3.925,,,0,0,525071889,1180900912942,,
"1985","Africa",,135.403,9.236,10.904000000000002,5.315,11.911,,0,0,540131194,1225082245818,,
"1986","Africa",,135.988,10.289,11.488,8.803,13.241999999999999,,0,0,555618223,1251227005661,,
"1987","Africa",,142.773,11.716,11.911000000000001,6.167,15.011,,0,0,571509829,1267464622308,,
"1988","Africa",,143.032,13.156,13.11,10.493,16.779,,0,0,587756630,1323389864320,,
"1989","Africa",,148.462,13.715,13.629000000000001,11.099,17.412,,0,0,604293660,1364475496994,,
"1990","Africa",,155.926,16.446,12.318,8.449,15.554,,0,0,622503637,1392635536662,,
"1991","Africa",,155.388,20.406,13.415,9.144,12.954,,0,0,639557342,1433572522895,,
"1992","Africa",,156.717,22.944,11.715000000000002,9.288,12.242,,0,0,656843162,1456706674419,,
"1993","Africa",,165.96,26.172,11.034,7.255,10.472,,0,0,674333358,1492597009986,,
"1994","Africa",,169.402,29.292,12.808,9.697,8.53,,0,0,694216575,1555294230044,,
"1995","Africa",,173.551,30.45,12.525,11.301,9.01,,0,0,712028838,1628336397684,,
"1996","Africa",,184.718,31.514,14.895,11.775,10.572,,0,0,730010431,1747510826168,,
"1997","Africa",,192.869,32.679,16.021,12.647,12.334,,0,0,748191725,1839670989257,,
"1998","Africa",,187.527,32.53,15.690999999999999,13.601,16.063,,0,0,766635654,1938693723880,,
"1999","Africa",,186.662,37.226,15.193999999999999,12.837,15.052,,0,0.012,791359237,2033178294482,,
"2000","Africa",2.1500000000000004,194.57999999999998,96.99,74.51,13.01,38.54999999999999,0.43,0,0.23,804634502,2150734280526,424.23999999999995,236.49999999999997
"2001","Africa",2.1400000000000006,199.19000000000003,103.82000000000001,81.21,10.72,39.169999999999995,0.48,0,0.46,824299002,2292132649491,440.65999999999997,244.20000000000002
"2002","Africa",2.1300000000000003,205.12,120.74000000000001,83.40000000000002,11.99,38.019999999999996,0.39,0.02,0.43000000000000005,844449025,2450288937929,464.5099999999999,256.58000000000004
"2003","Africa",2,219.93999999999997,127.91999999999999,81.68999999999998,12.66,39.51999999999999,0.79,0.02,0.6100000000000001,865145959,2622270527264,487.25,273.31000000000006
"2004","Africa",2.23,229.72,144.04000000000002,86.53999999999999,14.28,36.650000000000006,1.03,0.02,0.78,886457068,2823553364349,516.3299999999999,287.44
"2005","Africa",2.62,232.15,154.13000000000002,88.72,12.24,44.019999999999996,1,0.02,0.8300000000000001,908440248,3046444210857,536.82,299.60999999999996
"2006","Africa",2.63,238.87999999999997,165.80999999999997,91.92000000000003,10.07,47.27999999999999,1.01,0.03,0.8700000000000001,931118629,3290370715526,561.52,313.20000000000005
"2007","Africa",2.5100000000000002,247.07000000000002,174.08000000000004,93.99000000000001,12.6,50.93000000000001,1.02,0.04,1.1800000000000002,954516596,3574968990469,588.2700000000002,326.56
"2008","Africa",2.71,241.36,181.88000000000002,95.63000000000002,12.75,56.13,1.19,0.05,1.29,978690324,3864184148158,597.4599999999998,329.45000000000005
"2009","Africa",2.82,231.70000000000002,185.66999999999996,98.68000000000002,11.57,62.01,1.36,0.07,1.7,1003700975,4095091530082,600.6099999999999,327.56999999999994
"2010","Africa",3.14,240.67000000000002,211.80999999999997,109.5,12.9,58.72999999999998,1.47,0.41000000000000003,2.37,1029586930,4438225521845,644.9399999999999,345.87
"2011","Africa",3.29,244.07,217.03999999999996,110.57000000000004,12.94,55.72,1.51,0.5000000000000001,2.4299999999999997,1056364060,4574545439003,653.2899999999998,349.21999999999997
"2012","Africa",3.4899999999999993,241,236.98999999999995,111.66000000000003,12.4,64.58,1.6,0.6500000000000001,2.3700000000000006,1094121884,4856503467480,682.52,362.65999999999997
"2013","Africa",3.71,234.56,241.48000000000008,116.88000000000004,13.61,75.89999999999999,2.01,0.7400000000000002,3.5499999999999994,1122817758,4966601965133,701.3199999999999,367.71999999999986
"2014","Africa",5.46,233.36,250.65,122.18000000000008,14.76,80.79,4.06,1.8600000000000003,5.59,1152199985,5187030335975,726.84,375.36000000000007
"2015","Africa",6.399999999999999,229.95,265.95,120.02999999999997,10.97,90.92000000000002,4.48,2.9099999999999993,8.579999999999998,1182198784,5366848076752,748.3599999999998,387.37999999999994
"2016","Africa",5.81,229.88000000000002,270.85,119.04999999999998,15.21,88.14,4.2,4.21,10.47,1212794105,5492111975610,754.6799999999996,387.70999999999987
"2017","Africa",5.040000000000001,235.38,297.08,124.99,15.09,77.90999999999998,4.81,5.599999999999999,11.54,1243969320,5697058170231,784.5899999999999,397.9700000000001
"2018","Africa",4.67,240.54,305.05,130.67000000000002,10.56,71.86999999999999,4.78,7.149999999999998,15.729999999999997,1275661494,5903240072894,795.7399999999999,401.9699999999999
"1965","Asia",,,,132.303,0.025,,,0,0,1828821427,3519117160326,,
"1966","Asia",,,,138.409,0.584,,,0,0,1872674890,3723850406899,,
"1967","Asia",,,,128.27599999999998,0.629,,,0,0,1919251040,3938329924145,,
"1968","Asia",,,,143.708,1.044,,,0,0,1973808702,4225051653073,,
"1969","Asia",,,,149.38699999999997,1.807,,,0,0,2023721960,4641536722691,,
"1970","Asia",,,,153.175,5.889,,,0,0,2080175487,5104569158829,,
"1971","Asia",,,,168.205,9.030999999999999,,,0,0,2130711897,5376697451348,,
"1972","Asia",,,,174.14100000000002,10.607,,,0,0,2181460781,5672807848930,,
"1973","Asia",,,,161.252,12.040000000000001,,,0,0,2232123670,6129545666559,,
"1974","Asia",,,,184.347,22.028000000000002,,,0,0,2282405957,6281665146565,,
"1975","Asia",,,,198.81799999999996,27.878,,,0,0,2332128849,6597783737034,,
"1976","Asia",,,,203.942,37.252,,,0,0,2381125268,6885346109618,,
"1977","Asia",,,,199.374,34.00799999999999,,,0,0,2429488992,7268749788980,,
"1978","Asia",,,,210.07100000000005,66.738,,,0,0,2477650428,7729132213919,,
"1979","Asia",,,,227.20899999999997,82.27399999999999,,,0,0,2526228067,8066755323622,,
"1980","Asia",,,,244.32999999999996,96.79499999999999,,,0,0,2591425857,8423987477416,,
"1981","Asia",,,,261.41,104.019,,,0,0,2641997311,8745728887651,,
"1982","Asia",,,,258.165,121.65100000000001,,,0,0,2693511497,9150867685874,,
"1983","Asia",,,,270.86500000000007,145.51,,,0,0,2746329127,9602171789050,,
"1984","Asia",,,,270.585,175.015,,,0,0,2800871482,10173877838879,,
"1985","Asia",,602.3789999999999,210.396,300.18899999999996,209.94700000000003,351.73199999999997,,0,0,2900974634,11055703636337,,
"1986","Asia",,669.128,221.24400000000003,303.991,226.16800000000003,346.38200000000006,,0,0,2960439995,11507479878018,,
"1987","Asia",,744.099,244.955,314.906,266.673,358.25299999999993,,0,0,3021734383,12188898363368,,
"1988","Asia",,797.4999999999999,266.07700000000006,358.36999999999995,250.92,400.106,,0,0,3083709673,12938302359911,,
"1989","Asia",,869.364,296.521,370.691,265.698,430.57399999999996,,0,0,3144806077,13444412874916,,
"1990","Asia",0,919.068,333.29299999999995,389.92399999999986,287.139,492.98900000000003,0.08,0.004,0.032,3203887694,14100035406747,56.81,
"1991","Asia",0.04,1017.7359999999999,363.42499999999995,395.858,306.66799999999995,500.9050000000001,0.08,0.004,0.122,3260513177,14629639601871,60.49,
"1992","Asia",0.05,1123.2290000000003,383.419,399.765,314.83000000000004,520.245,0.07,0.015000000000000001,0.219,3333640176,15413341319759,67.22,
"1993","Asia",0.06,1187.866,400.847,448.2729999999999,348.8759999999999,505.497,0.08,0.027999999999999997,0.309,3386228406,16239498421656,73.43,
"1994","Asia",0.05,1335.1490000000001,451.124,441.875,372.439,545.294,0.08,0.036000000000000004,0.577,3437745672,16990751115705,77.79,
"1995","Asia",0.22,1439.8159999999996,492.579,485.5310000000001,410.2819999999999,526.805,0.09,0.05,1.113,3488768479,18032138144952,85.55,
"1996","Asia",0.18,1569.0469999999998,527.9950000000001,481.612,431.36699999999996,517.521,0.08,0.07200000000000001,0.974,3539379850,19113069657406,94.79,
"1997","Asia",0.29,1654.4230000000002,603.236,484.537,459.754,491.64,0.08,0.116,1.1879999999999997,3592279579,19796318841061,105.52,
"1998","Asia",0.24,1707.5189999999998,644.4479999999999,516.8389999999999,478.439,458.304,0.09,0.16699999999999998,1.444,3641887671,19848844665800,114.03,
"1999","Asia",0.13,1848.311,705.589,498.0520000000001,486.47200000000004,460.87399999999997,0.08,0.246,2.021,3690936915,20529400004265,118.48,
"2000","Asia",26.450000000000003,2058.68,923.4599999999998,567.93,481.19999999999993,544.8200000000002,35.06,0.39,2.3699999999999997,3739435673,21685990229407,4648.589999999999,2548.7999999999993
"2001","Asia",28.349999999999994,2193.94,979.01,615.4299999999998,484.81000000000006,508.02999999999986,34.1,0.53,3.179999999999999,3787423814,22470908051465,4853.74,2662.7899999999995
"2002","Asia",30.240000000000002,2401.9400000000005,1056.7899999999997,634.6299999999999,479.87,525.35,33.910000000000004,0.7500000000000001,3.459999999999999,3834980449,23595955844543,5173.829999999998,2884.44
"2003","Asia",31.620000000000005,2696.45,1129.61,663.7,453.68,539.4399999999999,34.480000000000004,1,4.579999999999999,3883141016,24936679745788,5556.330000000001,3172.29
"2004","Asia",33.9,2950.4300000000003,1194.84,775.0199999999996,506.3,546.7400000000002,34.1,1.31,8.01,3930136156,26712147911828,6051.180000000001,3421.48
"2005","Asia",40.07,3263.7100000000005,1251.05,812.8799999999999,532.22,544.8900000000002,33.92,1.61,10.07,3976958672,28590968884460,6490.320000000001,3707.270000000001
"2006","Asia",43.83,3633.54,1340.98,884.6099999999999,548.48,528.5199999999999,34.910000000000004,1.94,16.060000000000002,4023634245,30741425408222,7036.720000000003,4045.9899999999993
"2007","Asia",51.080000000000005,4082.9299999999994,1464.14,925.5299999999997,527.52,554.75,34.809999999999995,2.3199999999999994,21.16,4070151187,32944407846424,7665.609999999999,4495.74
"2008","Asia",56.58999999999998,4180.95,1499.52,1055.61,512.4399999999999,532.0199999999999,32.98,2.809999999999999,32.57,4116490519,34293068565947,7906.160000000002,4581.839999999999
"2009","Asia",66.47000000000001,4434.429999999999,1581.68,1032.88,535.86,484.4799999999999,33.28,3.8199999999999985,50.77999999999999,4162614705,35512491104384,8226.830000000002,4798.92
"2010","Asia",80.33999999999997,4864.6,1781.4099999999996,1179.4499999999998,564.6999999999999,488.0199999999999,34.290000000000006,5.389999999999997,78,4208481052,38541106446448,9079.200000000004,5259.44
"2011","Asia",89.99000000000001,5405.74,1885.0400000000004,1197.3999999999994,470.03,586.77,34.589999999999996,9.789999999999996,110.32000000000001,4254064893,40787077200496,9795.330000000002,5825.159999999997
"2012","Asia",96.58999999999999,5596.63,1967.4699999999996,1371.2899999999997,339.69000000000005,616.8000000000001,35.029999999999994,14.749999999999998,144.19,4299327054,42514377904384,10193.22,6047.880000000003
"2013","Asia",109.46000000000002,6029.299999999999,2004.58,1453.9600000000003,341.76,589.1900000000002,36.53,28.920000000000005,185.35999999999996,4344187475,44628599403888,10793.319999999994,6407.659999999999
"2014","Asia",126.30000000000003,6289.330000000001,2155.1199999999994,1593.63,368.48,529.4799999999999,38,57.96999999999999,211.76,4388547203,46727937388397,11384.159999999998,6662.130000000001
"2015","Asia",142.60999999999999,6213.740000000002,2202.25,1668.0599999999997,416.47999999999996,525.21,39.550000000000004,91.07999999999998,241.43,4432314249,48462405307884,11561.429999999997,6628.3099999999995
"2016","Asia",150.08999999999995,6448.4800000000005,2309.6700000000005,1726.6000000000001,458.66999999999996,498.59,40.73,139.98000000000002,313.51999999999987,4475437662,50142063178938,12100,6861.590000000003
"2017","Asia",176.39999999999998,6817.990000000001,2413.7299999999996,1772.9400000000003,476.84999999999997,437.94,41.5,217.5899999999999,392.10999999999996,4517860201,51914239301814,12750.149999999996,7185.170000000001
"2018","Asia",200.1,7290.099999999999,2378.09,1821.5599999999995,554.4699999999999,445.32000000000005,41.699999999999996,309.6599999999998,466.99999999999994,4559477862,53779296297486,13522.360000000004,7572.840000000003
"1965","Europe",,,,372.042,21.538,,,0,0,470410124,6834635629084,,
"1966","Europe",,,,403.7,27.854999999999997,,,0,0,474101242,7124325675787,,
"1967","Europe",,,,399.4630000000001,32.128,,,0,0,477556989,7395064903711,,
"1968","Europe",,,,424.751,36.945,,,0,0,480828837,7792898837182,,
"1969","Europe",,,,427.371,44.736000000000004,,,0,0,484001132,8135411593173,,
"1970","Europe",,,,452.029,48.951,,,0,0,487133177,8637897262699,,
"1971","Europe",,,,456.529,56.254000000000005,,,0,0,490236388,8932787366416,,
"1972","Europe",,,,464.462,77.346,,,0,0,493280304,9259853696845,,
"1973","Europe",,,,471.34999999999997,88.688,,,0,0,496233406,10230441476387,,
"1974","Europe",,,,505.8230000000001,108.84,,,0,0,499049394,10101815547047,,
"1975","Europe",,,,506.502,145.274,,,0,0,501694605,10123416926831,,
"1976","Europe",,,,481.567,174.25199999999998,,,0,0,504168373,10562244510908,,
"1977","Europe",,,,567.986,212.473,,,0,0,506483273,10862345319805,,
"1978","Europe",,,,588.1239999999999,234.008,,,0,0.003,508636136,11189882780361,,
"1979","Europe",,,,611.452,262.04,,,0,0.006,510625589,11460794601810,,
"1980","Europe",,,,605.713,310.425,,,0,0.01,462865640,11591126095926,,
"1981","Europe",,,,616.03,406.53299999999996,,,0,0.01,464323702,11617702240575,,
"1982","Europe",,,,599.977,450.13,,,0,0.018,465642257,11764521863044,,
"1983","Europe",,,,623.919,523.238,,,0,0.03,466877237,12017072354586,,
"1984","Europe",,,,645.924,667.836,,,0.001,0.038,468103092,12275945418300,,
"1985","Europe",,971.2840000000001,596.627,617.6829999999999,790.786,307.214,,0.001,0.056999999999999995,680817822,15069848205933,,
"1986","Europe",,1013.959,623.5540000000001,601.026,840.04,301.309,,0.001,0.134,683476481,15527137613328,,
"1987","Europe",,1031.46,652.24,634.7610000000001,889.1349999999998,314.53200000000004,,0,0.191,686172951,15842207313957,,
"1988","Europe",,1017.444,652.585,660.7750000000001,976.908,314.669,,0.001,0.33,688819950,16324545493745,,
"1989","Europe",,1037.606,671.85,599.9680000000001,1018.4739999999999,331.163,,0.009000000000000001,0.515,691295498,16726512143363,,
"1990","Europe",14.559999999999999,1301.015,755.406,633.374,1012.837,461.2840000000001,4.0200000000000005,0.011,0.78,711803313,16793634521125,3047.4199999999996,
"1991","Europe",15.339999999999998,1293.166,737.4710000000001,641.702,1037.7380000000003,452.513,3.9800000000000004,0.012,1.09,713816776,16612060409332,3058.9199999999996,
"1992","Europe",16.23,1246.741,688.2970000000001,662.0249999999999,1043.9809999999998,418.832,4.21,0.023,1.55,724187451,15921010628684,3026.92,
"1993","Europe",17.89,1178.552,681.6779999999999,678.3889999999997,1079.8139999999999,369.0060000000001,4.42,0.024,2.35,725467058,15377719608113,3011.4500000000003,
"1994","Europe",19.32,1184.8550000000002,643.6419999999999,689.3679999999999,1049.6039999999998,350.64000000000004,4.21,0.034999999999999996,3.509999999999999,726353354,15212005585467,3025.8799999999997,
"1995","Europe",21.750000000000004,1185.6859999999997,655.3439999999999,694.3570000000001,1075.604,361.432,4.28,0.046,4.079999999999999,726832925,15463867213730,3095.9100000000003,
"1996","Europe",21.500000000000007,1178.981,712.851,650.363,1139.523,344.3780000000001,4.6499999999999995,0.047,4.880999999999999,726874065,15723270190945,3165.9900000000002,
"1997","Europe",26.109999999999996,1124.6519999999998,750.478,670.3510000000001,1150.7810000000002,331.17199999999997,4.84,0.057,7.361999999999999,726538981,16273691698053,3185.59,
"1998","Europe",29.409999999999997,1138.303,769.4540000000001,694.8000000000002,1137.4499999999998,336.553,5.4399999999999995,0.088,11.283000000000001,726027194,16683548483220,3243.88,
"1999","Europe",30.799999999999997,1103.281,846.3339999999998,707.9990000000003,1162.085,307.3419999999999,6.130000000000001,0.09999999999999999,14.222999999999999,725605876,17393278021501,3280.2799999999997,
"2000","Europe",34.55,1173.8000000000002,886.41,736.3700000000001,1169.93,277.96,6.67,0.11999999999999998,22.26,725472335,18429666681047,4299.62,1631.5900000000001
"2001","Europe",36.96,1175.15,909.02,750.9999999999997,1205.99,275.28999999999996,6.629999999999999,0.19999999999999998,26.759999999999998,725698642,19176659816979,4379.880000000001,1643.3300000000004
"2002","Europe",42.46999999999999,1192.53,946.65,680.3,1228.1899999999998,283.4100000000001,6.84,0.27999999999999997,36.42999999999999,726249936,19811026503528,4421.0599999999995,1681.6499999999999
"2003","Europe",50.11000000000001,1246.2099999999998,1015.2299999999999,639.9200000000001,1244.5600000000002,267.7200000000001,7.65,0.42000000000000004,44.85,727082363,20594935105980,4515.759999999999,1749.3200000000002
"2004","Europe",61.089999999999996,1206.91,1085.52,688.7500000000001,1258.56,240.68,7.870000000000001,0.7000000000000002,59.769999999999975,728108026,21664787703845,4609.419999999999,1736.73
"2005","Europe",71.06999999999998,1189.3199999999997,1148.01,696.8999999999999,1246.2099999999996,237.70000000000005,7.94,1.4800000000000002,71.56,729872800,22629009177747,4667.31,1753.3300000000004
"2006","Europe",80.24,1241.5799999999997,1172.33,683.4000000000001,1251.1299999999999,235.48,9.170000000000002,2.5,83.64,731144013,23983589390120,4754.250000000002,1808.6599999999994
"2007","Europe",89.11000000000001,1239.3500000000001,1254.62,695.86,1202.2900000000002,211.69000000000003,10.31,3.8099999999999996,106.18000000000002,732548411,25414376819901,4809.720000000001,1832.61
"2008","Europe",99.05000000000001,1186.08,1311.7599999999998,715.1499999999999,1205.39,200.58,10.71,7.47,121.33000000000003,734039117,26200874152817,4851.799999999999,1812.24
"2009","Europe",109.03,1074.1499999999999,1222.04,718.9000000000001,1155.99,179.88000000000002,11,14.15,134.91,735558337,25166659550197,4615.82,1664.3400000000001
"2010","Europe",125.03999999999999,1080.4899999999998,1311.7200000000003,753.1899999999999,1190.5100000000002,176.04000000000002,11.059999999999999,23.370000000000005,151.1,737059383,26154790301063,4817.629999999999,1716.33
"2011","Europe",133.55999999999997,1116.6599999999999,1250,673.4700000000001,1184.71,181.61999999999995,11.64,47.720000000000006,182.75,738507488,27122760689498,4772.39,1721.1299999999997
"2012","Europe",148.8,1175.51,1130.6900000000003,725.22,1163.22,176.71,11.97,72.14999999999998,209.25999999999996,739891582,27370370292779,4799.550000000001,1713.47
"2013","Europe",158.53,1144.35,1059.07,774.0200000000001,1146.3,149.39000000000001,12.129999999999999,87.21000000000001,240.49999999999997,741217080,27635870361765,4758.8099999999995,1637.9500000000003
"2014","Europe",168.12,1056.8,1011.4799999999999,769.21,1160.25,149.16999999999996,12.490000000000002,99.70000000000002,258.00999999999993,742501784,28083272410092,4672.720000000001,1545.73
"2015","Europe",179.01999999999998,1036.31,1043.17,728.4299999999998,1149.6299999999999,150.48,12.55,110.36,307.54,743750362,28232893674311,4707.409999999998,1547.8500000000001
"2016","Europe",182.39,962.5099999999999,1148.6499999999999,760.5899999999998,1124.98,155.10999999999999,12.749999999999998,113.79999999999998,307.58000000000004,744967719,28464104779189,4755.139999999999,1543.7000000000005
"2017","Europe",186.99000000000007,925.1100000000001,1195.92,703.0300000000001,1125.03,147.79999999999998,12.84,122.52000000000001,366.48999999999995,746120782,29253459777394,4779.630000000001,1531.8
"2018","Europe",192,877.3100000000001,1172.0600000000002,766.6000000000003,1117.6599999999999,144.83,13.59,129.74999999999997,383.65999999999997,747132210,29908440363493,4791.44,1481.9499999999998
"1965","North America",,,,325.92499999999995,3.9770000000000003,,,0,0,277263092,4803342094769,,
"1966","North America",,,,341.055,5.981999999999999,,,0,0,281478681,5117933423693,,
"1967","North America",,,,372.16200000000003,8.211,,,0,0,285579650,5260865726719,,
"1968","North America",,,,376.99699999999996,14.106,,,0,0,289611763,5520953325924,,
"1969","North America",,,,420.073,15.19,,,0,0,293638606,5711542415912,,
"1970","North America",,,,426.634,23.989,,,0,0,297707001,5755578473036,,
"1971","North America",,,,449.28700000000003,44.377,,,0,0,301835424,5948734423237,,
"1972","North America",,,,475.886,64.149,,,0,0,306015062,6274750879611,,
"1973","North America",,,,489.23800000000006,103.12700000000001,,,0,0,310232499,6646723822275,,
"1974","North America",,,,534.6600000000001,134.67000000000002,,,0,0,314462965,6679450757659,,
"1975","North America",,,,523.867,194.154,,,0,0,318689131,6702945337449,,
"1976","North America",,,,519.766,218.578,,,0,0,322911474,7050346905364,,
"1977","North America",,,,465.197,290.43,,,0,0,327140661,7357268951460,,
"1978","North America",,,,537.8,322.153,,,0,0,331381278,7784537359434,,
"1979","North America",,,,548.0640000000001,303.855,,,0,0,335639948,8089289527382,,
"1980","North America",,,,550.06,302.364,,,0,0,374763020,8318407972140,,
"1981","North America",,,,557.143,327.092,,,0,0,379553485,8571372287933,,
"1982","North America",,,,596.248,335.993,,,0,0,384648141,8413237878697,,
"1983","North America",,,,625.363,357.744,,,0.003,0.003,389780332,8692680277430,,
"1984","North America",,,,637.313,397.087,,,0.005,0.007,394953075,9281383518593,,
"1985","North America",,1590.974,327.94100000000003,619.254,464.406,169.583,,0.011,0.007,400168994,9630848126450,,
"1986","North America",,1568.125,281.75100000000003,628.908,507.097,213.92000000000002,,0.014,0.005,405496592,9904093442729,,
"1987","North America",,1665.508,308.259,590.9010000000001,556.493,203.663,,0.011,0.005,410811535,10241215212012,,
"1988","North America",,1756.435,289.564,557.656,637.5749999999999,241.34699999999998,,0.009,0.002,416171009,10649350626645,,
"1989","North America",,1811.095,403.765,590.528,636.904,266.876,,0.253,2.134,421566028,11015115144855,,
"1990","North America",,1815.174,423.685,612.4449999999999,682.6199999999999,216.485,,0.372,2.8200000000000003,427288759,11220327840995,,
"1991","North America",,1820.2640000000001,437.82599999999996,617.2270000000001,733.386,210.593,,0.48,2.984,432432715,11240976842013,,
"1992","North America",,1857.08,466.387,593.415,735.284,190.134,,0.414,2.977,437892206,11625575307491,,
"1993","North America",,1925.154,480.524,628.12,740.6270000000001,199.211,,0.481,3.096,443421565,11942844115710,,
"1994","North America",,1933.2079999999999,531.6759999999999,607.4680000000001,785.47,203.66,,0.509,3.5460000000000003,449089474,12438925633628,,
"1995","North America",,1960.092,575.769,672.879,814.451,156.476,,0.523,3.262,454935744,12706508654840,,
"1996","North America",,2053.909,529.097,733.477,810.241,166.437,,0.553,3.335,460995602,13195545547426,,
"1997","North America",,2113.561,561.429,731.0150000000001,754.142,194.05700000000002,,0.546,3.395,467230114,13824569012649,,
"1998","North America",,2153.723,627.69,677.552,789.418,247.686,,0.542,3.133,473516867,14454825064077,,
"1999","North America",,2162.657,659.055,694.318,849.5649999999999,231.43,,0.538,4.712000000000001,479687047,15142335889239,,
"2000","North America",76.42,2096.07,691.43,674.56,830.86,277.88999999999993,22.15,0.52,6.07,485904911,15818418510835,4674.990000000001,2296.73
"2001","North America",66.35,2034.01,731.9,581.3599999999999,849.98,301.47,21.740000000000002,0.5700000000000001,7.3100000000000005,491552831,15998149734936,4595.070000000001,2277.8799999999997
"2002","North America",70.71000000000001,2065.3,797.37,643.29,861.0699999999999,259.70000000000005,22.47,0.5800000000000001,11.07,496954431,16312795522362,4731.57,2309.12
"2003","North America",70.65,2107.6,767.22,637.87,844.86,282.42,23.25,0.56,12.399999999999999,502229037,16760507350422,4746.73,2344.61
"2004","North America",71.89,2096.74,841.85,640.6199999999999,883.13,283.34000000000003,24.19,0.6,15.450000000000001,507552325,17408398389550,4857.62,2373.76
"2005","North America",75.43,2144.1,890.05,669.1899999999999,879.14,278.39,24.75,0.5800000000000001,19.7,513046223,18004693009185,4980.89,2434.2799999999997
"2006","North America",74.72,2112.42,973.2700000000001,682.5999999999999,890.0600000000001,201.2,24.200000000000003,0.54,29.49,518748115,18556726331386,4987.29,2395.4199999999996
"2007","North America",76.52,2145.94,1065.97,651.78,904.56,204.1,25.28,0.65,38.06,524603038,18951945931205,5112.2300000000005,2470.3500000000004
"2008","North America",74.55000000000001,2103.3,1048.62,683.18,903.87,178.83,25.27,0.91,59.73,530529671,18982113458619,5078.01,2409.69
"2009","North America",74.97,1864.6000000000001,1097.9,681.3199999999999,894.09,169.53,27.11,1,81.71,536406585,18457361680667,4891.99,2231.9
"2010","North America",77.36000000000001,1958.9,1180.1000000000001,662.75,898.0600000000001,162.68,28.230000000000004,1.51,105.35000000000001,542143047,19000084840615,5074.780000000001,2345.16
"2011","North America",78.11,1842.19,1228.04,744.03,887.83,163.35999999999999,27.81,2.47,133.04000000000002,547717295,19394041613924,5107.5,2275.79
"2012","North America",79.74,1614.6599999999999,1443.67,704.2599999999998,866.8000000000001,169.55999999999997,27.86,5.390000000000001,157.45999999999998,553151447,19848971417902,5071.179999999999,2198.77
"2013","North America",83.43,1678.9599999999998,1344.34,703.9799999999999,897.37,162.45999999999998,28.3,10.799999999999999,192.10999999999999,558443905,20190174415247,5109.0599999999995,2199.75
"2014","North America",85.83,1679.4,1356.1299999999999,693.9899999999998,905.0699999999999,149.43999999999994,28.18,31.490000000000002,213.39,563602949,20666741397906,5148.96,2198.38
"2015","North America",86.73,1447.9,1582.73,676.9200000000001,904.01,149.46,26.259999999999998,43.05,230.32999999999998,568636746,21175463434489,5151.78,2120.0299999999997
"2016","North America",87.84,1336.71,1629.27,697.3999999999999,911.61,146.71,26.15,60.9,272.44,573537091,21500012285605,5172.65,2051.91
"2017","North America",83.11,1297.8799999999999,1543.94,746.2199999999998,910.6500000000001,140.73,25.92,83.92,300.49,578302953,22046426481725,5128.349999999999,1975.6
"2018","North America",87.85000000000001,1230.09,1732.9900000000002,730.52,915.32,142.46999999999997,37.54,100.95,324.78000000000003,582639378,22685915427439,5300.339999999999,2016.15
"1965","Oceania",,,,17.709,0,,,0,0,13939835,230899288288,,
"1966","Oceania",,,,18.15,0,,,0,0,14260487,238931792942,,
"1967","Oceania",,,,18.826999999999998,0,,,0,0,14602320,249562902562,,
"1968","Oceania",,,,19.724,0,,,0,0,14952525,261422529200,,
"1969","Oceania",,,,20.32,0,,,0,0,15293289,279290686352,,
"1970","Oceania",,,,22.841,0,,,0,0,15611421,293082898310,,
"1971","Oceania",,,,25.901,0,,,0,0,15903947,306494783600,,
"1972","Oceania",,,,26.818,0,,,0,0,16173850,315863413900,,
"1973","Oceania",,,,27.383,0,,,0,0,16421202,333918980000,,
"1974","Oceania",,,,29.063000000000002,0,,,0,0,16647749,344260065400,,
"1975","Oceania",,,,31.552,0,,,0,0,16855912,351169044800,,
"1976","Oceania",,,,29.653,0,,,0,0,17044296,364334423050,,
"1977","Oceania",,,,28.264000000000003,0,,,0,0,17214951,364369206200,,
"1978","Oceania",,,,30.335,0,,,0,0,17378361,373454648400,,
"1979","Oceania",,,,32.689,0,,,0,0,17548303,391156178400,,
"1980","Oceania",,,,32.832,0,,,0,0,23156554,398148176950,,
"1981","Oceania",,,,33.546,0,,,0,0,23503486,414146326330,,
"1982","Oceania",,,,31.073999999999998,0,,,0,0,23874870,414941619000,,
"1983","Oceania",,,,31.875999999999998,0,,,0,0,24266629,416820426000,,
"1984","Oceania",,,,33.503,0,,,0,0,24671486,444219924000,,
"1985","Oceania",,89.374,11.501,33.649,0,4.667,,0,0,25083837,463625985000,,
"1986","Oceania",,92.587,13.784,36.123999999999995,0,3.771,,0,0,25503091,473260684000,,
"1987","Oceania",,100.348,13.989,35.543,0,2.799,,0,0,25929875,493314011000,,
"1988","Oceania",,105.998,14.718,37.297,0,2.444,,0,0,26360884,511928742000,,
"1989","Oceania",,113.56,15.128,36.813,0,3.024,,0,0,26792250,531853613000,,
"1990","Oceania",,123.363,12.566,37.945,0,3.474,,0,0,27220967,538619826000,,
"1991","Oceania",,127.222,11.202,38.548,0,2.879,,0.005,0,27645999,533993779860,,
"1992","Oceania",,130.002,11.964,37.035,0,2.392,,0.012,0.001,28067423,551542394399,,
"1993","Oceania",,133.277,12.247,39.879999999999995,0,2.37,,0.015,0.003,28484596,578292667612,,
"1994","Oceania",,136.894,13.556,41.986999999999995,0,2.529,,0.017,0.007,28897461,610099786001,,
"1995","Oceania",,141.935,13.679,43.166,0,2.772,,0.021,0.008,29306362,635677305923,,
"1996","Oceania",,148.431,11.936,42.150999999999996,0,2.49,,0.026,0.015,29712572,664467106213,,
"1997","Oceania",,157.474,12.18,39.21,0,1.998,,0.031,0.022,30117506,693331446799,,
"1998","Oceania",,165.946,14.468,41.117,0,1.775,,0.036,0.039999999999999994,30522549,727883397191,,
"1999","Oceania",,171.161,16.123,39.202,0,1.756,,0.041,0.08199999999999999,30928878,762091333516,,
"2000","Oceania",1.5100000000000002,171.26,18.47,42.32,0,6.7,2.99,0.04,0.19,31338982,793867763997,243.48,155.65000000000003
"2001","Oceania",1.6600000000000001,178.32,27.13,39.75,0,7.77,2.89,0.04,0.36,31750410,818062689244,257.92,166.4
"2002","Oceania",2.09,173.59,32.95,42.27000000000001,0,7.739999999999999,2.91,0.05,0.53,32166459,856613393279,262.13,165.51999999999998
"2003","Oceania",2.67,173.63,32.51,41.28999999999999,0,7.68,2.8899999999999997,0.06,0.85,32601683,889013804895,261.5800000000001,165.42
"2004","Oceania",3.6699999999999995,182.13000000000002,30.35,44.36,0,8.43,2.9299999999999997,0.07,1.0699999999999998,33075067,929796678966,273.0100000000001,172.15
"2005","Oceania",4.869999999999999,180.62,26.38,40.04,0,9.3,3.54,0.08,1.51,33599021,964200045007,266.34000000000003,169.76
"2006","Oceania",4.93,180.19,29.740000000000002,40.83,0,9.290000000000001,3.7399999999999998,0.09,2.36,34179989,996094035066,271.17,171.10999999999999
"2007","Oceania",5.04,181.26,37.87,39.62,0,9.64,4.01,0.11,3.59,34810451,1046358563405,281.14000000000004,176.26
"2008","Oceania",4.579999999999999,180.92999999999998,40.96,35.96,0,9.74,4.66,0.13,4.199999999999999,35471577,1074224736455,281.16,177.38999999999993
"2009","Oceania",3.55,180,44.71,37.63,0,9.55,5.32,0.16,5.34,36136396,1097758861302,286.26000000000005,178.19999999999993
"2010","Oceania",3.2399999999999998,175.3,50.32,39.82,0,9.690000000000001,6.010000000000001,0.39,6.749999999999999,36784940,1129692567384,291.52000000000004,177.22999999999993
"2011","Oceania",3.1699999999999995,168.54,51.459999999999994,43.6,0,10.22,6.23,1.4,8.1,37410452,1164468994076,292.71999999999997,172.75
"2012","Oceania",3.84,163.89,54.46,38.78,0,11.08,5.88,2.35,9.12,38016855,1206126417401,289.40000000000003,171.07000000000002
"2013","Oceania",4.039999999999999,151.35,57.13,43.07,0,12.47,6.12,3.51,10.04,38607662,1232062066855,287.73,163.27999999999997
"2014","Oceania",4.069999999999999,145.95999999999998,55.209999999999994,44.32,0,14.11,6.92,4.06,12.53,39190267,1266547628251,287.18,159.19
"2015","Oceania",4.25,154.67,52.11,39.540000000000006,0,14.41,7.46,5.12,13.91,39770074,1299101614405,291.47,165.05000000000004
"2016","Oceania",4.1,156.65,50.19,42.61,0,14.389999999999999,7.48,6.38,14.59,40346815,1336295234183,296.39000000000004,165.84
"2017","Oceania",4.109999999999999,150.52,56.47,42.82,0,14.200000000000001,7.51,8.27,14.74,40917427,1371185152990,298.64000000000004,163.84
"2018","Oceania",4.1499999999999995,151.49,53.73,43.720000000000006,0,13.9,7.56,10.169999999999998,17.28,41481528,1409573227784,302,163.24
"1965","South America",,,,38.481,0,,,0,0,164263488,895905520126,,
"1966","South America",,,,41.75899999999999,0,,,0,0,168551580,938364953609,,
"1967","South America",,,,44.22200000000001,0,,,0,0,172877265,973771444242,,
"1968","South America",,,,46.98,0,,,0,0,177235210,1033165138634,,
"1969","South America",,,,50.753,0,,,0,0,181621272,1107553940547,,
"1970","South America",,,,59.761,0,,,0,0,186034516,1192394686833,,
"1971","South America",,,,66.091,0,,,0,0,190469910,1280034579673,,
"1972","South America",,,,75.92999999999998,0,,,0,0,194931995,1366100036840,,
"1973","South America",,,,85.651,0,,,0,0,199441536,1485303555294,,
"1974","South America",,,,99.286,1.036,,,0,0,204026933,1584350656610,,
"1975","South America",,,,108.634,2.517,,,0,0,208709030,1632378465913,,
"1976","South America",,,,121.72700000000002,2.572,,,0,0,213490583,1737502261817,,
"1977","South America",,,,135.413,1.637,,,0,0,218366424,1827704577017,,
"1978","South America",,,,149.035,2.896,,,0,0,223338620,1881175543250,,
"1979","South America",,,,169.59900000000002,2.692,,,0,0,228407310,1991795435106,,
"1980","South America",,,,188.83800000000002,2.34,,,0,0,240515270,2146174722580,,
"1981","South America",,,,191.728,2.816,,,0,0,245886788,2098596524248,,
"1982","South America",,,,207.98299999999998,1.87,,,0,0,251346383,2082553032894,,
"1983","South America",,,,222.76399999999998,3.405,,,0,0,256866412,2032524727628,,
"1984","South America",,,,245.76699999999997,6.284,,,0,0,262410927,2107976635633,,
"1985","South America",,5.5520000000000005,12.464,263.841,9.147,9.620000000000001,,0,0,267951818,2176850333002,,
"1986","South America",,7.197,13.271,275.822,5.855,18.082,,0,0,273476305,2328992822527,,
"1987","South America",,6.426,12.558,289.803,7.438,17.861,,0,0,278983193,2415969656476,,
"1988","South America",,6.301,20.56,300.655,6.406,15.827,,0,0,284470907,2436447736330,,
"1989","South America",,6.314,24.522,305.107,6.869,13.356,,0,0,289942213,2436851981741,,
"1990","South America",,5.281000000000001,20.173000000000002,313.46000000000004,9.518,10.014,,0,0,295398169,2412825158478,,
"1991","South America",,6.46,21.395,335.975,9.198,12.865,,0,0,300829456,2528313401757,,
"1992","South America",,5.840999999999999,20.811,344.077,8.84,13.994,,0,0,306228622,2630909482282,,
"1993","South America",,6.0889999999999995,22.677000000000003,368.78,8.192,12.908999999999999,,0,0,311601581,2773257396859,,
"1994","South America",,7.319,22.56,390.317,8.29,10.999,,0,0,316958267,2934202209746,,
"1995","South America",,7.35,25.442,402.31499999999994,9.585,12.166,,0,0,322302314,3059313688592,,
"1996","South America",,7.943,30.354,417.389,9.886,13.951999999999998,,0,0.012,327635138,3168337463670,,
"1997","South America",,9.206,28.082,439.4369999999999,11.13,12.011,,0,0.02,332943530,3344152864945,,
"1998","South America",,8.782,29.342000000000002,448.847,10.718,15.020000000000001,,0,0.038,338199109,3409470857571,,
"1999","South America",,12.187,42.862,449.12600000000003,11.083,20.468,,0,0.038000000000000006,343364515,3382514530599,,
"2000","South America",8.6,20.24,74.74,529.49,10.93,45.93,0,0.01,0.04,348411887,3510025738165,688.47,100.16000000000001
"2001","South America",9.59,19.84,79.4,495.7300000000001,20.81,47.52000000000001,0,0.01,0.09999999999999999,353333487,3564583239061,673.6199999999999,102.81000000000002
"2002","South America",11.07,17.27,80.11,519.2800000000001,19.23,44.75000000000001,0,0.01,0.14,358133211,3585613028678,692.11,99.94999999999999
"2003","South America",12.820000000000002,17.76,90.95,541.68,20.43,43.89,0,0.01,0.15000000000000002,362809675,3684590597293,726.2700000000001,106.02000000000001
"2004","South America",13.94,20.640000000000004,104.36999999999999,562.8499999999999,18.91,51.769999999999996,0,0.01,0.19,367365340,3977296286673,772.1700000000001,121.23
"2005","South America",15.529999999999998,21.01,103.50000000000001,595.18,15.57,50.34,0,0.01,0.22999999999999998,371804633,4212306832310,802.77,121.24000000000001
"2006","South America",17.68,20.69,109.85000000000001,621.8399999999998,20.130000000000003,54.56,0,0.01,0.38,376122792,4484630268096,847.29,128.25
"2007","South America",21.430000000000003,22.73,118.00999999999998,642.76,18.37,63.20000000000001,0,0.01,0.76,380325044,4820850340166,889.45,141.28000000000003
"2008","South America",24.54,23.06,135.21,645.1700000000001,20.060000000000002,71.86,0,0.01,0.9700000000000001,384439466,5096597438252,922.9499999999998,156.85000000000002
"2009","South America",29.15,22.14,123.25999999999999,663.4,19.810000000000002,68.95,0,0.01,1.4600000000000002,388503333,5076737642059,931.4699999999999,149.72
"2010","South America",38.809999999999995,27,152.20999999999998,664.5200000000001,20.46,75.8,0,0.01,2.65,392543709,5458662237402,982.1799999999998,174.90000000000003
"2011","South America",40.150000000000006,30.490000000000002,141.6,707.0899999999999,20.69,76.77000000000001,0,0.05,3.26,396571755,5770846811559,1020.7199999999998,174.60000000000002
"2012","South America",44.730000000000004,35.57,178.52,690.1500000000001,21.07,83.44999999999999,0,0.14,6.5,400581570,5919028199742,1060.9599999999998,202.25
"2013","South America",51.78,45.49000000000001,206.26,676.4800000000001,20.380000000000003,91.86000000000001,0,0.27,8.500000000000002,404561951,6200598093273,1101.8899999999999,231.13
"2014","South America",56.440000000000005,48.47,219.32,636.7499999999999,19.72,96.79000000000002,0,0.8200000000000001,15.520000000000001,408493800,6223611926995,1094.3300000000002,243.64999999999998
"2015","South America",58.739999999999995,52.19,233.36,636.93,20.41,96.79,0,1.7100000000000002,27.290000000000006,412362690,6391625133915,1127.52,254.32999999999996
"2016","South America",59.78,52.19,217.07,653.6500000000001,22.65,79.47,0,3.2099999999999986,40.81000000000001,416164870,5922122056469,1129.29,235.09000000000003
"2017","South America",60.59,49.39000000000001,222.24,659.15,20.57,66.32,0.06,5.389999999999999,51.57000000000001,419903920,5944422958512,1136.6900000000003,226.65999999999997
"2018","South America",60.43,48.14000000000001,217.37000000000003,676.9499999999999,22.12,57.80999999999999,0.21,10.12,59.980000000000004,423581091,5941320993436,1154.05,218.04
